Workbook

Sheet Daily_Weather
A1: DATE | B1: Mean_Temperature_C | C1: Max_Temperature_C | D1: Min_Temperature_C | E1: Relative_Humidity_percent | F1: BSS_Sunshine_Hours_per_day | G1: Wind_Speed_10m_m_s
A2: 35065 | B2: 22.47 | C2: 28.04 | D2: 18.32 | E2: 46.9 | F2: =MIN(INDEX(BSS_Parameters!$C$2:$C$13,MONTH(A2)),MAX(0,INDEX(BSS_Parameters!$C$2:$C$13,MONTH(A2))*(Solar_Radiation_Original!B2/INDEX(BSS_Parameters!$B$2:$B$13,MONTH(A2))-BSS_Parameters!$F$2)/BSS_Parameters!$F$3)) -> 8.4034146 | G2: 2.92
A3: 35066 | B3: 21.89 | C3: 29.19 | D3: 16.53 | E3: 51.7 | F3: =MIN(INDEX(BSS_Parameters!$C$2:$C$13,MONTH(A3)),MAX(0,INDEX(BSS_Parameters!$C$2:$C$13,MONTH(A3))*(Solar_Radiation_Original!B3/INDEX(BSS_Parameters!$B$2:$B$13,MONTH(A3))-BSS_Parameters!$F$2)/BSS_Parameters!$F$3)) -> 7.1681301 | G3: 3.16
A4: 35067 | B4: 20.65 | C4: 28.34 | D4: 14.35 | E4: 47 | F4: =MIN(INDEX(BSS_Parameters!$C$2:$C$13,MONTH(A4)),MAX(0,INDEX(BSS_Parameters!$C$2:$C$13,MONTH(A4))*(Solar_Radiation_Original!B4/INDEX(BSS_Parameters!$B$2:$B$13,MONTH(A4))-BSS_Parameters!$F$2)/BSS_Parameters!$F$3)) -> 9.0993496 | G4: 4.4
A5: 35068 | B5: 21.02 | C5: 29.15 | D5: 14.05 | E5: 37.38 | F5: =MIN(INDEX(BSS_Parameters!$C$2:$C$13,MONTH(A5)),MAX(0,INDEX(BSS_Parameters!$C$2:$C$13,MONTH(A5))*(Solar_Radiation_Original!B5/INDEX(BSS_Parameters!$B$2:$B$13,MONTH(A5))-BSS_Parameters!$F$2)/BSS_Parameters!$F$3)) -> 8.4643089 | G5: 4.01
A6: 35069 | B6: 21.63 | C6: 30.07 | D6: 14.85 | E6: 37.32 | F6: =MIN(INDEX(BSS_Parameters!$C$2:$C$13,MONTH(A6)),MAX(0,INDEX(BSS_Parameters!$C$2:$C$13,MONTH(A6))*(Solar_Radiation_Original!B6/INDEX(BSS_Parameters!$B$2:$B$13,MONTH(A6))-BSS_Parameters!$F$2)/BSS_Parameters!$F$3)) -> 7.9858537 | G6: 3.59
A7: 35070 | B7: 21.44 | C7: 29.91 | D7: 14.33 | E7: 40.61 | F7: =MIN(INDEX(BSS_Parameters!$C$2:$C$13,MONTH(A7)),MAX(0,INDEX(BSS_Parameters!$C$2:$C$13,MONTH(A7))*(Solar_Radiation_Original!B7/INDEX(BSS_Parameters!$B$2:$B$13,MONTH(A7))-BSS_Parameters!$F$2)/BSS_Parameters!$F$3)) -> 8.0293496 | G7: 3.14
A8: 35071 | B8: 21.1 | C8: 29.56 | D8: 14.71 | E8: 33.09 | F8: =MIN(INDEX(BSS_Parameters!$C$2:$C$13,MONTH(A8)),MAX(0,INDEX(BSS_Parameters!$C$2:$C$13,MONTH(A8))*(Solar_Radiation_Original!B8/INDEX(BSS_Parameters!$B$2:$B$13,MONTH(A8))-BSS_Parameters!$F$2)/BSS_Parameters!$F$3)) -> 7.4986992 | G8: 3.94
A9: 35072 | B9: 21.66 | C9: 30.4 | D9: 14.44 | E9: 31.38 | F9: =MIN(INDEX(BSS_Parameters!$C$2:$C$13,MONTH(A9)),MAX(0,INDEX(BSS_Parameters!$C$2:$C$13,MONTH(A9))*(Solar_Radiation_Original!B9/INDEX(BSS_Parameters!$B$2:$B$13,MONTH(A9))-BSS_Parameters!$F$2)/BSS_Parameters!$F$3)) -> 7.8292683 | G9: 3.67
A10: 35073 | B10: 21.84 | C10: 31.43 | D10: 14.16 | E10: 34.52 | F10: =MIN(INDEX(BSS_Parameters!$C$2:$C$13,MONTH(A10)),MAX(0,INDEX(BSS_Parameters!$C$2:$C$13,MONTH(A10))*(Solar_Radiation_Original!B10/INDEX(BSS_Parameters!$B$2:$B$13,MONTH(A10))-BSS_Parameters!$F$2)/BSS_Parameters!$F$3)) -> 7.9684553 | G10: 2.84
A11: 35074 | B11: 21 | C11: 30.18 | D11: 14.04 | E11: 21.45 | F11: =MIN(INDEX(BSS_Parameters!$C$2:$C$13,MONTH(A11)),MAX(0,INDEX(BSS_Parameters!$C$2:$C$13,MONTH(A11))*(Solar_Radiation_Original!B11/INDEX(BSS_Parameters!$B$2:$B$13,MONTH(A11))-BSS_Parameters!$F$2)/BSS_Parameters!$F$3)) -> 8.6904878 | G11: 3.48
A12: 35075 | B12: 20.79 | C12: 30.39 | D12: 12.58 | E12: 23.04 | F12: =MIN(INDEX(BSS_Parameters!$C$2:$C$13,MONTH(A12)),MAX(0,INDEX(BSS_Parameters!$C$2:$C$13,MONTH(A12))*(Solar_Radiation_Original!B12/INDEX(BSS_Parameters!$B$2:$B$13,MONTH(A12))-BSS_Parameters!$F$2)/BSS_Parameters!$F$3)) -> 9.490813 | G12: 3.04
A13: 35076 | B13: 21.13 | C13: 30.84 | D13: 12.97 | E13: 25.51 | F13: =MIN(INDEX(BSS_Parameters!$C$2:$C$13,MONTH(A13)),MAX(0,INDEX(BSS_Parameters!$C$2:$C$13,MONTH(A13))*(Solar_Radiation_Original!B13/INDEX(BSS_Parameters!$B$2:$B$13,MONTH(A13))-BSS_Parameters!$F$2)/BSS_Parameters!$F$3)) -> 10.395528 | G13: 3.01
... A10959: 46022 | B10959: 20.33 | C10959: 26.75 | D10959: 13.78 | E10959: 58.53 | F10959: =MIN(INDEX(BSS_Parameters!$C$2:$C$13,MONTH(A10959)),MAX(0,INDEX(BSS_Parameters!$C$2:$C$13,MONTH(A10959))*(Solar_Radiation_Original!B10959/INDEX(BSS_Parameters!$B$2:$B$13,MONTH(A10959))-BSS_Parameters!$F$2)/BSS_Parameters!$F$3)) -> 6.2324034 | G10959: 1.91

Sheet Solar_Radiation_Original
A1: DATE | B1: Solar_Radiation_MJ_m2_day
A2: 35065 | B2: 15.81
A3: 35066 | B3: 14.39
A4: 35067 | B4: 16.61
A5: 35068 | B5: 15.88
A6: 35069 | B6: 15.33
A7: 35070 | B7: 15.38
A8: 35071 | B8: 14.77
A9: 35072 | B9: 15.15
A10: 35073 | B10: 15.31
A11: 35074 | B11: 16.14
A12: 35075 | B12: 17.06
A13: 35076 | B13: 18.1
... A10959: 46022 | B10959: 12.74

Sheet BSS_Parameters
A1: Month | B1: Ra (MJ/m2/day) | C1: N (max sunshine hrs) | E1: Coefficient | F1: Value
A2: 1 | B2: 24.6 | C2: 10.7 | E2: a | F2: 0.25
A3: 2 | B3: 28.8 | C3: 11.2 | E3: b | F3: 0.5
A4: 3 | B4: 33.5 | C4: 11.8
A5: 4 | B5: 37.6 | C5: 12.6
A6: 5 | B6: 39.7 | C6: 13.2
A7: 6 | B7: 40.3 | C7: 13.5
A8: 7 | B8: 39.9 | C8: 13.3
A9: 8 | B9: 38.3 | C9: 12.8
A10: 9 | B10: 34.9 | C10: 12.1
A11: 10 | B11: 30.2 | C11: 11.4
A12: 11 | B12: 25.5 | C12: 10.8
A13: 12 | B13: 23.3 | C13: 10.5
A15: Source: Ra and N from the standard latitude tables (Northern Hemisphere, row 24 deg N; Mehsana is ~23.6 deg N). a, b supplied by user.
A16: Angstrom: Rs = Ra[a + b(n/N)] => BSS n = N*((Rs/Ra) - a)/b, clipped to 0..N.
A17: Assumption: Ra values treated as MJ/m2/day (same unit as NASA POWER Rs).
